-- MySQL dump 10.13  Distrib 8.0.22, for Win64 (x86_64)
--
-- Host: localhost    Database: hccix1
-- ------------------------------------------------------
-- Server version	8.0.22

/*!40101 SET @OLD_CHARACTER_SET_CLIENT=@@CHARACTER_SET_CLIENT */;
/*!40101 SET @OLD_CHARACTER_SET_RESULTS=@@CHARACTER_SET_RESULTS */;
/*!40101 SET @OLD_COLLATION_CONNECTION=@@COLLATION_CONNECTION */;
/*!50503 SET NAMES utf8 */;
/*!40103 SET @OLD_TIME_ZONE=@@TIME_ZONE */;
/*!40103 SET TIME_ZONE='+00:00' */;
/*!40014 SET @OLD_UNIQUE_CHECKS=@@UNIQUE_CHECKS, UNIQUE_CHECKS=0 */;
/*!40014 SET @OLD_FOREIGN_KEY_CHECKS=@@FOREIGN_KEY_CHECKS, FOREIGN_KEY_CHECKS=0 */;
/*!40101 SET @OLD_SQL_MODE=@@SQL_MODE, SQL_MODE='NO_AUTO_VALUE_ON_ZERO' */;
/*!40111 SET @OLD_SQL_NOTES=@@SQL_NOTES, SQL_NOTES=0 */;

--
-- Table structure for table `alquiler`
--

DROP TABLE IF EXISTS `alquiler`;
/*!40101 SET @saved_cs_client     = @@character_set_client */;
/*!50503 SET character_set_client = utf8mb4 */;
CREATE TABLE `alquiler` (
  `idalquiler` int NOT NULL AUTO_INCREMENT,
  `idreserva` int NOT NULL,
  `fecha_ingreso` date NOT NULL,
  `fecha_salida` date NOT NULL,
  `costo_alojamiento` double NOT NULL,
  `costototal` double NOT NULL,
  `deudaaloja` double NOT NULL,
  `deuda` double NOT NULL,
  `estado` varchar(10) NOT NULL,
  PRIMARY KEY (`idalquiler`),
  UNIQUE KEY `UK_9yie09omn7jcu40d6ak7p8kdk` (`idreserva`),
  CONSTRAINT `FKial97c61crf8yyhoasxx13xc` FOREIGN KEY (`idreserva`) REFERENCES `reserva` (`idreserva`)
) ENGINE=InnoDB AUTO_INCREMENT=67 DEFAULT CHARSET=utf8mb4 COLLATE=utf8mb4_0900_ai_ci;
/*!40101 SET character_set_client = @saved_cs_client */;

--
-- Dumping data for table `alquiler`
--

LOCK TABLES `alquiler` WRITE;
/*!40000 ALTER TABLE `alquiler` DISABLE KEYS */;
INSERT INTO `alquiler` VALUES (33,125,'2023-02-02','2023-02-05',150,160,0,0,'Finalizado'),(34,126,'2023-02-05','2023-02-06',170,195,0,0,'Finalizado'),(35,129,'2023-02-06','2023-02-07',160,170,0,0,'Finalizado'),(36,133,'2023-02-03','2023-02-05',150,196,0,0,'Finalizado'),(37,136,'2023-02-08','2023-02-10',150,150,0,0,'Finalizado'),(38,140,'2023-02-10','2023-02-13',400,449,80,129,'Vigente'),(39,146,'2023-02-11','2023-02-13',245,245,0,0,'Finalizado'),(40,127,'2023-02-10','2023-02-13',360,384,0,0,'Finalizado'),(41,149,'2023-02-06','2023-02-08',230,234,0,4,'Finalizado'),(42,152,'2023-02-10','2023-02-11',200,230,0,0,'Vigente'),(43,157,'2023-02-09','2023-02-10',150,209,0,54,'Finalizado'),(44,159,'2023-02-23','2023-02-25',240,360,0,0,'Finalizado'),(45,162,'2023-02-15','2023-02-17',230,235,0,5,'Vigente'),(46,161,'2023-02-10','2023-02-12',250,269,0,0,'Finalizado'),(47,166,'2023-02-04','2023-02-05',140,171,0,31,'Vigente'),(48,131,'2023-02-03','2023-02-04',140,162,0,18,'Vigente'),(49,132,'2023-02-02','2023-02-04',260,277,0,17,'Vigente'),(50,138,'2023-02-03','2023-02-05',250,266,0,9,'Vigente'),(51,137,'2023-02-01','2023-02-03',220,237,0,17,'Vigente'),(52,142,'2023-02-02','2023-02-03',142,195,42,54,'Vigente'),(53,128,'2023-02-03','2023-02-05',230,257,0,17,'Vigente'),(54,141,'2023-02-04','2023-02-05',120,136.5,120,130.5,'Vigente'),(55,143,'2023-02-02','2023-02-03',140,410,140,410,'Vigente'),(56,130,'2023-02-05','2023-02-06',120,141,120,141,'Vigente'),(57,134,'2023-02-05','2023-02-07',230,230,130,130,'Vigente'),(58,148,'2023-02-05','2023-02-06',120,120,120,120,'Vigente'),(59,150,'2023-02-06','2023-02-07',125,165,125,165,'Vigente'),(60,165,'2023-02-04','2023-02-06',210,240,210,240,'Vigente'),(61,169,'2023-02-04','2023-02-06',215,275,215,275,'Vigente'),(62,170,'2023-02-05','2023-02-06',120,330,120,330,'Vigente'),(63,185,'2023-02-03','2023-02-05',225,225,225,225,'Vigente'),(64,171,'2023-02-07','2023-02-09',220,248.5,220,248.5,'Vigente'),(65,176,'2023-02-04','2023-02-06',215,254,215,236.5,'Vigente'),(66,167,'2023-02-08','2023-02-10',220,220,220,220,'Vigente');
/*!40000 ALTER TABLE `alquiler` ENABLE KEYS */;
UNLOCK TABLES;

--
-- Table structure for table `calendario`
--

DROP TABLE IF EXISTS `calendario`;
/*!40101 SET @saved_cs_client     = @@character_set_client */;
/*!50503 SET character_set_client = utf8mb4 */;
CREATE TABLE `calendario` (
  `idcalendario` int NOT NULL AUTO_INCREMENT,
  `fecha` date DEFAULT NULL,
  PRIMARY KEY (`idcalendario`)
) ENGINE=InnoDB AUTO_INCREMENT=95 DEFAULT CHARSET=utf8mb4 COLLATE=utf8mb4_0900_ai_ci;
/*!40101 SET character_set_client = @saved_cs_client */;

--
-- Dumping data for table `calendario`
--

LOCK TABLES `calendario` WRITE;
/*!40000 ALTER TABLE `calendario` DISABLE KEYS */;
INSERT INTO `calendario` VALUES (1,'2022-11-11'),(2,'2022-11-12'),(3,'2022-11-13'),(4,'2022-11-14'),(5,'2022-11-15'),(6,'2022-11-16'),(7,'2022-11-17'),(8,'2022-11-18'),(9,'2022-11-19'),(10,'2022-11-20'),(11,'2022-11-21'),(12,'2022-11-22'),(13,'2022-11-23'),(14,'2022-11-24'),(15,'2022-11-25'),(16,'2022-11-26'),(17,'2022-11-27'),(18,'2022-11-28'),(19,'2022-11-29'),(20,'2022-11-30'),(21,'2022-12-01'),(22,'2022-12-02'),(23,'2022-12-03'),(24,'2022-12-04'),(25,'2022-12-05'),(26,'2022-12-06'),(27,'2022-12-07'),(28,'2022-12-08'),(29,'2022-12-09'),(30,'2022-12-10'),(31,'2022-12-11'),(32,'2022-12-12'),(33,'2022-12-13'),(34,'2022-12-14'),(35,'2022-12-15'),(36,'2022-12-16'),(37,'2022-12-17'),(38,'2022-12-18'),(39,'2022-12-19'),(40,'2022-12-20'),(41,'2022-12-21'),(42,'2022-12-22'),(43,'2022-12-23'),(44,'2022-12-24'),(45,'2022-12-25'),(46,'2022-12-26'),(47,'2022-12-27'),(48,'2022-12-28'),(49,'2022-12-29'),(50,'2022-12-30'),(51,'2022-12-31'),(52,'2023-01-24'),(53,'2023-01-25'),(54,'2023-01-26'),(55,'2023-01-27'),(56,'2023-01-28'),(57,'2023-01-29'),(58,'2023-01-30'),(59,'2023-01-31'),(60,'2023-02-01'),(61,'2023-02-02'),(62,'2023-02-03'),(63,'2023-02-04'),(64,'2023-02-05'),(65,'2023-02-06'),(66,'2023-02-07'),(67,'2023-02-08'),(68,'2023-02-09'),(69,'2023-02-10'),(70,'2023-02-11'),(71,'2023-02-12'),(72,'2023-02-13'),(73,'2023-02-14'),(74,'2023-02-15'),(75,'2023-02-16'),(76,'2023-02-17'),(77,'2023-02-18'),(78,'2023-02-19'),(79,'2023-02-20'),(80,'2023-02-21'),(81,'2023-02-22'),(82,'2023-02-23'),(83,'2023-02-24'),(84,'2023-02-25'),(85,'2023-02-26'),(86,'2023-02-27'),(87,'2023-02-28'),(88,'2023-03-01'),(89,'2023-03-02'),(90,'2023-03-03'),(91,'2023-03-04'),(92,'2023-03-05'),(93,'2023-03-06'),(94,'2023-03-07');
/*!40000 ALTER TABLE `calendario` ENABLE KEYS */;
UNLOCK TABLES;

--
-- Table structure for table `cliente`
--

DROP TABLE IF EXISTS `cliente`;
/*!40101 SET @saved_cs_client     = @@character_set_client */;
/*!50503 SET character_set_client = utf8mb4 */;
CREATE TABLE `cliente` (
  `idpersona` int NOT NULL,
  `login` varchar(255) DEFAULT NULL,
  `password` varchar(255) DEFAULT NULL,
  `ruc` varchar(11) DEFAULT NULL,
  `razonsocial` varchar(60) DEFAULT NULL,
  PRIMARY KEY (`idpersona`)
) ENGINE=InnoDB DEFAULT CHARSET=utf8mb4 COLLATE=utf8mb4_0900_ai_ci;
/*!40101 SET character_set_client = @saved_cs_client */;

--
-- Dumping data for table `cliente`
--

LOCK TABLES `cliente` WRITE;
/*!40000 ALTER TABLE `cliente` DISABLE KEYS */;
INSERT INTO `cliente` VALUES (2,'cliente1','123','1883412323','razondicas sac'),(5,'cliente2','123','1547823215','Carlota SAC'),(6,'cliente3','123','5544833331','kikosa sac'),(10,'cliente4','123','',''),(11,'cliente5','123','102563254','Vini SAC'),(12,'cliente6','123','',''),(13,'cliente7','123',NULL,NULL),(14,'cliente8','123','20159896544','Sibila SAC'),(15,'cliente9','123',NULL,NULL),(16,'cliente10','123',NULL,NULL),(20,'client1','123','',''),(22,'client2','123','',''),(23,NULL,NULL,'',''),(24,'client3','123','2015478544','nino venta'),(25,'client4','123','20154787159','nvcffds'),(26,'client5','123','201545223','pouuy vr'),(49,NULL,NULL,'20158745236','marco sac'),(51,NULL,NULL,'',''),(52,'','','',''),(53,'cliente11','123','10258963258','Sabrinas sac'),(54,'cliente12','123','1036985415','Merlin SAC'),(55,'client13','123','',''),(59,'','','',''),(60,'cliente','123','',''),(62,'yurico','123','20154748455',''),(63,'alejo','123','',''),(64,'cli','123','',''),(66,'claint','123','',''),(69,'client20','123','',''),(70,'calixto','123','','');
/*!40000 ALTER TABLE `cliente` ENABLE KEYS */;
UNLOCK TABLES;

--
-- Table structure for table `consumo`
--

DROP TABLE IF EXISTS `consumo`;
/*!40101 SET @saved_cs_client     = @@character_set_client */;
/*!50503 SET character_set_client = utf8mb4 */;
CREATE TABLE `consumo` (
  `idconsumo` int NOT NULL AUTO_INCREMENT,
  `idproducto` int NOT NULL,
  `cantidad` int NOT NULL,
  `preciototal` double NOT NULL,
  `estado` varchar(15) NOT NULL,
  `idalquiler` int NOT NULL,
  PRIMARY KEY (`idconsumo`),
  KEY `FKhiwcppec7auk0n1lapo6m0eem` (`idalquiler`),
  KEY `FKf2xslt8ffduhwdwj6npdpqje1` (`idproducto`),
  CONSTRAINT `FKf2xslt8ffduhwdwj6npdpqje1` FOREIGN KEY (`idproducto`) REFERENCES `producto` (`idproducto`),
  CONSTRAINT `FKhiwcppec7auk0n1lapo6m0eem` FOREIGN KEY (`idalquiler`) REFERENCES `alquiler` (`idalquiler`)
) ENGINE=InnoDB AUTO_INCREMENT=96 DEFAULT CHARSET=utf8mb4 COLLATE=utf8mb4_0900_ai_ci;
/*!40101 SET character_set_client = @saved_cs_client */;

--
-- Dumping data for table `consumo`
--

LOCK TABLES `consumo` WRITE;
/*!40000 ALTER TABLE `consumo` DISABLE KEYS */;
INSERT INTO `consumo` VALUES (36,2,0,5,'Pagado',43),(37,1,0,5,'Pagado',52),(38,4,0,3,'NoPagado',49),(39,6,0,4,'Pagado',48),(40,7,0,7,'Pagado',50),(41,8,0,120,'Pagado',44),(42,9,0,10,'Pagado',40),(43,10,0,10,'Pagado',33),(44,13,0,9,'NoPagado',43),(45,15,0,30,'NoPagado',43),(46,16,0,12,'Pagado',36),(47,17,0,5,'NoPagado',45),(48,18,0,4,'NoPagado',41),(49,16,0,22,'NoPagado',47),(50,1,0,6,'NoPagado',47),(51,3,0,9,'NoPagado',38),(52,2,0,5,'NoPagado',51),(53,6,0,14,'NoPagado',49),(54,4,0,6,'Pagado',40),(55,7,0,12,'Pagado',36),(56,10,0,15,'NoPagado',43),(57,2,0,12,'Pagado',36),(58,1,0,6,'Pagado',52),(59,9,0,8,'NoPagado',48),(60,13,0,8,'Pagado',40),(61,15,0,30,'Pagado',42),(62,1,0,10,'Pagado',36),(63,1,0,10,'NoPagado',48),(64,4,0,9,'NoPagado',50),(65,1,0,12,'NoPagado',51),(66,2,0,10,'Pagado',52),(67,2,0,10,'Pagado',34),(68,4,0,15,'Pagado',34),(69,2,0,10,'Pagado',35),(70,4,0,9,'Pagado',46),(71,2,0,10,'Pagado',46),(72,2,0,10,'Pagado',53),(73,1,0,3,'NoPagado',47),(74,20,0,20,'Pagado',52),(75,21,0,9,'NoPagado',53),(76,6,0,8,'NoPagado',53),(77,4,0,6,'Pagado',54),(78,10,0,10.5,'NoPagado',54),(79,15,0,260,'NoPagado',55),(80,6,0,12,'NoPagado',64),(81,16,0,30,'NoPagado',60),(82,8,0,150,'NoPagado',62),(83,7,0,16.5,'NoPagado',64),(84,17,0,12,'NoPagado',56),(85,2,0,4,'NoPagado',56),(86,9,0,5,'NoPagado',56),(87,18,0,10,'NoPagado',55),(88,20,0,40,'NoPagado',38),(89,16,0,60,'NoPagado',62),(90,16,0,60,'NoPagado',61),(91,20,0,40,'NoPagado',59),(92,10,1,17.5,'Pagado',65),(93,13,0,9,'NoPagado',65),(94,18,1,12.5,'NoPagado',65),(95,4,0,12,'NoPagado',52);
/*!40000 ALTER TABLE `consumo` ENABLE KEYS */;
UNLOCK TABLES;

--
-- Table structure for table `habita_calendario`
--

DROP TABLE IF EXISTS `habita_calendario`;
/*!40101 SET @saved_cs_client     = @@character_set_client */;
/*!50503 SET character_set_client = utf8mb4 */;
CREATE TABLE `habita_calendario` (
  `idcalendario` int NOT NULL,
  `idhabitacion` int NOT NULL,
  `estado` varchar(255) DEFAULT NULL,
  PRIMARY KEY (`idcalendario`,`idhabitacion`),
  KEY `FKti8qp86r14r8r7ir24mp1kmfi` (`idhabitacion`),
  CONSTRAINT `FK79mlisp5x6ak0dpt8c73x82rw` FOREIGN KEY (`idcalendario`) REFERENCES `calendario` (`idcalendario`),
  CONSTRAINT `FKti8qp86r14r8r7ir24mp1kmfi` FOREIGN KEY (`idhabitacion`) REFERENCES `habitacion` (`idhabitacion`)
) ENGINE=InnoDB DEFAULT CHARSET=utf8mb4 COLLATE=utf8mb4_0900_ai_ci;
/*!40101 SET character_set_client = @saved_cs_client */;

--
-- Dumping data for table `habita_calendario`
--

LOCK TABLES `habita_calendario` WRITE;
/*!40000 ALTER TABLE `habita_calendario` DISABLE KEYS */;
INSERT INTO `habita_calendario` VALUES (60,1,'DISPONIBLE'),(60,2,'DISPONIBLE'),(60,3,'OCUPADA'),(60,4,'DISPONIBLE'),(60,5,'DISPONIBLE'),(60,6,'DISPONIBLE'),(60,7,'OCUPADA'),(60,8,'OCUPADA'),(60,13,'DISPONIBLE'),(60,14,'DISPONIBLE'),(60,15,'OCUPADA'),(60,16,'OCUPADA'),(60,17,'DISPONIBLE'),(60,18,'OCUPADA'),(60,19,'OCUPADA'),(60,20,'OCUPADA'),(60,21,'DISPONIBLE'),(60,22,'DISPONIBLE'),(60,23,'DISPONIBLE'),(60,24,'DISPONIBLE'),(60,25,'DISPONIBLE'),(60,26,'DISPONIBLE'),(60,27,'OCUPADA'),(60,28,'OCUPADA'),(60,29,'DISPONIBLE'),(60,30,'DISPONIBLE'),(60,31,'DISPONIBLE'),(60,32,'DISPONIBLE'),(60,33,'OCUPADA'),(60,34,'DISPONIBLE'),(60,35,'DISPONIBLE'),(60,36,'DISPONIBLE'),(60,37,'DISPONIBLE'),(60,38,'DISPONIBLE'),(60,39,'DISPONIBLE'),(60,40,'OCUPADA'),(60,41,'OCUPADA'),(60,42,'DISPONIBLE'),(60,43,'OCUPADA'),(60,44,'DISPONIBLE'),(60,45,'DISPONIBLE'),(60,46,'DISPONIBLE'),(60,47,'DISPONIBLE'),(60,48,'DISPONIBLE'),(60,49,'DISPONIBLE'),(60,50,'OCUPADA'),(61,1,'DISPONIBLE'),(61,2,'DISPONIBLE'),(61,3,'DISPONIBLE'),(61,4,'DISPONIBLE'),(61,5,'OCUPADA'),(61,6,'DISPONIBLE'),(61,7,'DISPONIBLE'),(61,8,'DISPONIBLE'),(61,13,'DISPONIBLE'),(61,14,'DISPONIBLE'),(61,15,'DISPONIBLE'),(61,16,'DISPONIBLE'),(61,17,'OCUPADA'),(61,18,'OCUPADA'),(61,19,'DISPONIBLE'),(61,20,'DISPONIBLE'),(61,21,'OCUPADA'),(61,22,'DISPONIBLE'),(61,23,'DISPONIBLE'),(61,24,'DISPONIBLE'),(61,25,'OCUPADA'),(61,26,'DISPONIBLE'),(61,27,'DISPONIBLE'),(61,28,'DISPONIBLE'),(61,29,'DISPONIBLE'),(61,30,'DISPONIBLE'),(61,31,'DISPONIBLE'),(61,32,'DISPONIBLE'),(61,33,'OCUPADA'),(61,34,'DISPONIBLE'),(61,35,'DISPONIBLE'),(61,36,'DISPONIBLE'),(61,37,'DISPONIBLE'),(61,38,'OCUPADA'),(61,39,'OCUPADA'),(61,40,'OCUPADA'),(61,41,'DISPONIBLE'),(61,42,'OCUPADA'),(61,43,'DISPONIBLE'),(61,44,'DISPONIBLE'),(61,45,'OCUPADA'),(61,46,'DISPONIBLE'),(61,47,'OCUPADA'),(61,48,'OCUPADA'),(61,49,'DISPONIBLE'),(61,50,'OCUPADA'),(62,1,'DISPONIBLE'),(62,2,'DISPONIBLE'),(62,3,'DISPONIBLE'),(62,4,'DISPONIBLE'),(62,5,'OCUPADA'),(62,6,'DISPONIBLE'),(62,7,'DISPONIBLE'),(62,8,'OCUPADA'),(62,13,'DISPONIBLE'),(62,14,'DISPONIBLE'),(62,15,'DISPONIBLE'),(62,16,'DISPONIBLE'),(62,17,'DISPONIBLE'),(62,18,'OCUPADA'),(62,19,'DISPONIBLE'),(62,20,'DISPONIBLE'),(62,21,'DISPONIBLE'),(62,22,'DISPONIBLE'),(62,23,'DISPONIBLE'),(62,24,'DISPONIBLE'),(62,25,'DISPONIBLE'),(62,26,'DISPONIBLE'),(62,27,'DISPONIBLE'),(62,28,'DISPONIBLE'),(62,29,'DISPONIBLE'),(62,30,'OCUPADA'),(62,31,'DISPONIBLE'),(62,32,'DISPONIBLE'),(62,33,'DISPONIBLE'),(62,34,'DISPONIBLE'),(62,35,'DISPONIBLE'),(62,36,'DISPONIBLE'),(62,37,'DISPONIBLE'),(62,38,'DISPONIBLE'),(62,39,'DISPONIBLE'),(62,40,'DISPONIBLE'),(62,41,'DISPONIBLE'),(62,42,'DISPONIBLE'),(62,43,'OCUPADA'),(62,44,'OCUPADA'),(62,45,'OCUPADA'),(62,46,'OCUPADA'),(62,47,'OCUPADA'),(62,48,'OCUPADA'),(62,49,'OCUPADA'),(62,50,'OCUPADA'),(63,1,'DISPONIBLE'),(63,2,'DISPONIBLE'),(63,3,'DISPONIBLE'),(63,4,'DISPONIBLE'),(63,5,'DISPONIBLE'),(63,6,'DISPONIBLE'),(63,7,'OCUPADA'),(63,8,'DISPONIBLE'),(63,13,'OCUPADA'),(63,14,'DISPONIBLE'),(63,15,'DISPONIBLE'),(63,16,'OCUPADA'),(63,17,'DISPONIBLE'),(63,18,'DISPONIBLE'),(63,19,'DISPONIBLE'),(63,20,'DISPONIBLE'),(63,21,'DISPONIBLE'),(63,22,'DISPONIBLE'),(63,23,'DISPONIBLE'),(63,24,'DISPONIBLE'),(63,25,'DISPONIBLE'),(63,26,'OCUPADA'),(63,27,'OCUPADA'),(63,28,'DISPONIBLE'),(63,29,'DISPONIBLE'),(63,30,'DISPONIBLE'),(63,31,'DISPONIBLE'),(63,32,'OCUPADA'),(63,33,'OCUPADA'),(63,34,'OCUPADA'),(63,35,'DISPONIBLE'),(63,36,'DISPONIBLE'),(63,37,'DISPONIBLE'),(63,38,'DISPONIBLE'),(63,39,'DISPONIBLE'),(63,40,'DISPONIBLE'),(63,41,'DISPONIBLE'),(63,42,'DISPONIBLE'),(63,43,'OCUPADA'),(63,44,'DISPONIBLE'),(63,45,'DISPONIBLE'),(63,46,'OCUPADA'),(63,47,'DISPONIBLE'),(63,48,'DISPONIBLE'),(63,49,'DISPONIBLE'),(63,50,'DISPONIBLE'),(64,1,'DISPONIBLE'),(64,2,'DISPONIBLE'),(64,3,'DISPONIBLE'),(64,4,'DISPONIBLE'),(64,5,'DISPONIBLE'),(64,6,'DISPONIBLE'),(64,7,'DISPONIBLE'),(64,8,'DISPONIBLE'),(64,13,'OCUPADA'),(64,14,'DISPONIBLE'),(64,15,'DISPONIBLE'),(64,16,'DISPONIBLE'),(64,17,'DISPONIBLE'),(64,18,'DISPONIBLE'),(64,19,'DISPONIBLE'),(64,20,'DISPONIBLE'),(64,21,'DISPONIBLE'),(64,22,'OCUPADA'),(64,23,'DISPONIBLE'),(64,24,'DISPONIBLE'),(64,25,'DISPONIBLE'),(64,26,'DISPONIBLE'),(64,27,'DISPONIBLE'),(64,28,'DISPONIBLE'),(64,29,'DISPONIBLE'),(64,30,'DISPONIBLE'),(64,31,'DISPONIBLE'),(64,32,'DISPONIBLE'),(64,33,'OCUPADA'),(64,34,'DISPONIBLE'),(64,35,'DISPONIBLE'),(64,36,'DISPONIBLE'),(64,37,'DISPONIBLE'),(64,38,'DISPONIBLE'),(64,39,'OCUPADA'),(64,40,'DISPONIBLE'),(64,41,'DISPONIBLE'),(64,42,'DISPONIBLE'),(64,43,'DISPONIBLE'),(64,44,'OCUPADA'),(64,45,'DISPONIBLE'),(64,46,'DISPONIBLE'),(64,47,'DISPONIBLE'),(64,48,'OCUPADA'),(64,49,'DISPONIBLE'),(64,50,'DISPONIBLE'),(65,1,'DISPONIBLE'),(65,2,'DISPONIBLE'),(65,3,'OCUPADA'),(65,4,'DISPONIBLE'),(65,5,'DISPONIBLE'),(65,6,'DISPONIBLE'),(65,7,'DISPONIBLE'),(65,8,'DISPONIBLE'),(65,13,'DISPONIBLE'),(65,14,'DISPONIBLE'),(65,15,'DISPONIBLE'),(65,16,'DISPONIBLE'),(65,17,'DISPONIBLE'),(65,18,'DISPONIBLE'),(65,19,'DISPONIBLE'),(65,20,'DISPONIBLE'),(65,21,'DISPONIBLE'),(65,22,'DISPONIBLE'),(65,23,'DISPONIBLE'),(65,24,'DISPONIBLE'),(65,25,'DISPONIBLE'),(65,26,'DISPONIBLE'),(65,27,'DISPONIBLE'),(65,28,'DISPONIBLE'),(65,29,'DISPONIBLE'),(65,30,'DISPONIBLE'),(65,31,'DISPONIBLE'),(65,32,'DISPONIBLE'),(65,33,'DISPONIBLE'),(65,34,'DISPONIBLE'),(65,35,'DISPONIBLE'),(65,36,'DISPONIBLE'),(65,37,'DISPONIBLE'),(65,38,'DISPONIBLE'),(65,39,'DISPONIBLE'),(65,40,'DISPONIBLE'),(65,41,'DISPONIBLE'),(65,42,'DISPONIBLE'),(65,43,'DISPONIBLE'),(65,44,'DISPONIBLE'),(65,45,'DISPONIBLE'),(65,46,'DISPONIBLE'),(65,47,'DISPONIBLE'),(65,48,'DISPONIBLE'),(65,49,'DISPONIBLE'),(65,50,'OCUPADA'),(66,1,'DISPONIBLE'),(66,2,'DISPONIBLE'),(66,3,'DISPONIBLE'),(66,4,'DISPONIBLE'),(66,5,'DISPONIBLE'),(66,6,'DISPONIBLE'),(66,7,'DISPONIBLE'),(66,8,'DISPONIBLE'),(66,13,'DISPONIBLE'),(66,14,'DISPONIBLE'),(66,15,'DISPONIBLE'),(66,16,'DISPONIBLE'),(66,17,'DISPONIBLE'),(66,18,'DISPONIBLE'),(66,19,'DISPONIBLE'),(66,20,'DISPONIBLE'),(66,21,'DISPONIBLE'),(66,22,'DISPONIBLE'),(66,23,'OCUPADA'),(66,24,'DISPONIBLE'),(66,25,'DISPONIBLE'),(66,26,'DISPONIBLE'),(66,27,'DISPONIBLE'),(66,28,'DISPONIBLE'),(66,29,'DISPONIBLE'),(66,30,'DISPONIBLE'),(66,31,'DISPONIBLE'),(66,32,'DISPONIBLE'),(66,33,'DISPONIBLE'),(66,34,'DISPONIBLE'),(66,35,'DISPONIBLE'),(66,36,'DISPONIBLE'),(66,37,'DISPONIBLE'),(66,38,'DISPONIBLE'),(66,39,'DISPONIBLE'),(66,40,'DISPONIBLE'),(66,41,'OCUPADA'),(66,42,'DISPONIBLE'),(66,43,'DISPONIBLE'),(66,44,'DISPONIBLE'),(66,45,'OCUPADA'),(66,46,'DISPONIBLE'),(66,47,'DISPONIBLE'),(66,48,'DISPONIBLE'),(66,49,'DISPONIBLE'),(66,50,'DISPONIBLE'),(67,1,'DISPONIBLE'),(67,2,'DISPONIBLE'),(67,3,'OCUPADA'),(67,4,'DISPONIBLE'),(67,5,'OCUPADA'),(67,6,'DISPONIBLE'),(67,7,'DISPONIBLE'),(67,8,'DISPONIBLE'),(67,13,'DISPONIBLE'),(67,14,'DISPONIBLE'),(67,15,'DISPONIBLE'),(67,16,'DISPONIBLE'),(67,17,'DISPONIBLE'),(67,18,'DISPONIBLE'),(67,19,'DISPONIBLE'),(67,20,'DISPONIBLE'),(67,21,'DISPONIBLE'),(67,22,'DISPONIBLE'),(67,23,'OCUPADA'),(67,24,'DISPONIBLE'),(67,25,'DISPONIBLE'),(67,26,'DISPONIBLE'),(67,27,'OCUPADA'),(67,28,'DISPONIBLE'),(67,29,'DISPONIBLE'),(67,30,'DISPONIBLE'),(67,31,'OCUPADA'),(67,32,'DISPONIBLE'),(67,33,'DISPONIBLE'),(67,34,'DISPONIBLE'),(67,35,'DISPONIBLE'),(67,36,'DISPONIBLE'),(67,37,'DISPONIBLE'),(67,38,'DISPONIBLE'),(67,39,'OCUPADA'),(67,40,'DISPONIBLE'),(67,41,'DISPONIBLE'),(67,42,'DISPONIBLE'),(67,43,'DISPONIBLE'),(67,44,'OCUPADA'),(67,45,'OCUPADA'),(67,46,'DISPONIBLE'),(67,47,'OCUPADA'),(67,48,'DISPONIBLE'),(67,49,'OCUPADA'),(67,50,'DISPONIBLE'),(68,1,'DISPONIBLE'),(68,2,'DISPONIBLE'),(68,3,'DISPONIBLE'),(68,4,'DISPONIBLE'),(68,5,'DISPONIBLE'),(68,6,'DISPONIBLE'),(68,7,'DISPONIBLE'),(68,8,'DISPONIBLE'),(68,13,'DISPONIBLE'),(68,14,'DISPONIBLE'),(68,15,'DISPONIBLE'),(68,16,'DISPONIBLE'),(68,17,'DISPONIBLE'),(68,18,'DISPONIBLE'),(68,19,'DISPONIBLE'),(68,20,'DISPONIBLE'),(68,21,'DISPONIBLE'),(68,22,'DISPONIBLE'),(68,23,'OCUPADA'),(68,24,'DISPONIBLE'),(68,25,'DISPONIBLE'),(68,26,'DISPONIBLE'),(68,27,'DISPONIBLE'),(68,28,'DISPONIBLE'),(68,29,'DISPONIBLE'),(68,30,'DISPONIBLE'),(68,31,'DISPONIBLE'),(68,32,'OCUPADA'),(68,33,'OCUPADA'),(68,34,'DISPONIBLE'),(68,35,'DISPONIBLE'),(68,36,'DISPONIBLE'),(68,37,'OCUPADA'),(68,38,'DISPONIBLE'),(68,39,'DISPONIBLE'),(68,40,'DISPONIBLE'),(68,41,'DISPONIBLE'),(68,42,'DISPONIBLE'),(68,43,'DISPONIBLE'),(68,44,'DISPONIBLE'),(74,5,'DISPONIBLE'),(74,6,'DISPONIBLE'),(74,7,'DISPONIBLE'),(74,8,'DISPONIBLE'),(74,13,'DISPONIBLE'),(74,14,'DISPONIBLE'),(74,15,'DISPONIBLE'),(74,16,'DISPONIBLE'),(74,17,'DISPONIBLE'),(74,18,'DISPONIBLE'),(74,19,'DISPONIBLE'),(74,20,'DISPONIBLE'),(74,21,'DISPONIBLE'),(74,22,'DISPONIBLE'),(74,23,'DISPONIBLE'),(74,24,'DISPONIBLE'),(74,25,'DISPONIBLE'),(74,26,'DISPONIBLE'),(74,27,'DISPONIBLE'),(74,28,'DISPONIBLE'),(74,29,'DISPONIBLE'),(74,30,'DISPONIBLE'),(74,31,'DISPONIBLE'),(74,32,'DISPONIBLE'),(74,33,'DISPONIBLE'),(74,34,'DISPONIBLE'),(74,35,'DISPONIBLE'),(74,36,'DISPONIBLE'),(74,37,'DISPONIBLE'),(74,38,'DISPONIBLE'),(74,39,'DISPONIBLE'),(74,40,'DISPONIBLE'),(74,41,'DISPONIBLE'),(74,42,'DISPONIBLE'),(74,43,'OCUPADA'),(74,44,'DISPONIBLE'),(74,45,'DISPONIBLE'),(74,46,'DISPONIBLE'),(74,47,'DISPONIBLE'),(74,48,'DISPONIBLE'),(74,49,'DISPONIBLE'),(74,50,'DISPONIBLE'),(75,1,'DISPONIBLE'),(75,2,'DISPONIBLE'),(75,3,'DISPONIBLE'),(75,4,'DISPONIBLE'),(75,5,'DISPONIBLE'),(75,6,'DISPONIBLE'),(75,7,'OCUPADA'),(75,8,'DISPONIBLE'),(75,13,'DISPONIBLE'),(75,14,'DISPONIBLE'),(75,15,'DISPONIBLE'),(75,16,'DISPONIBLE'),(75,17,'DISPONIBLE'),(75,18,'DISPONIBLE'),(75,19,'DISPONIBLE'),(75,20,'DISPONIBLE'),(75,21,'DISPONIBLE'),(75,22,'DISPONIBLE'),(75,23,'DISPONIBLE'),(75,24,'DISPONIBLE'),(75,25,'DISPONIBLE'),(75,26,'DISPONIBLE'),(75,27,'DISPONIBLE'),(75,28,'DISPONIBLE'),(75,29,'DISPONIBLE'),(75,30,'DISPONIBLE'),(75,31,'DISPONIBLE'),(75,32,'DISPONIBLE'),(75,33,'DISPONIBLE'),(75,34,'DISPONIBLE'),(75,35,'DISPONIBLE'),(75,36,'DISPONIBLE'),(75,37,'DISPONIBLE'),(75,38,'DISPONIBLE'),(75,39,'DISPONIBLE'),(75,40,'DISPONIBLE'),(75,41,'OCUPADA'),(75,42,'DISPONIBLE'),(75,43,'DISPONIBLE'),(75,44,'DISPONIBLE'),(75,45,'OCUPADA'),(75,46,'DISPONIBLE'),(75,47,'DISPONIBLE'),(75,48,'DISPONIBLE'),(75,49,'DISPONIBLE'),(75,50,'DISPONIBLE'),(76,1,'DISPONIBLE'),(76,2,'DISPONIBLE'),(76,3,'DISPONIBLE'),(76,4,'DISPONIBLE'),(76,5,'DISPONIBLE'),(76,6,'DISPONIBLE'),(76,7,'DISPONIBLE'),(76,8,'DISPONIBLE'),(76,13,'DISPONIBLE'),(76,14,'DISPONIBLE'),(76,15,'DISPONIBLE'),(76,16,'DISPONIBLE'),(76,17,'DISPONIBLE'),(76,18,'DISPONIBLE'),(76,19,'DISPONIBLE'),(76,20,'DISPONIBLE'),(76,21,'DISPONIBLE'),(76,22,'DISPONIBLE'),(76,23,'DISPONIBLE'),(76,24,'DISPONIBLE'),(76,25,'DISPONIBLE'),(76,26,'DISPONIBLE'),(76,27,'DISPONIBLE'),(76,28,'DISPONIBLE'),(76,29,'DISPONIBLE'),(76,30,'DISPONIBLE'),(76,31,'DISPONIBLE'),(76,32,'DISPONIBLE'),(76,33,'DISPONIBLE'),(76,34,'DISPONIBLE'),(76,35,'DISPONIBLE'),(76,36,'DISPONIBLE'),(76,37,'DISPONIBLE'),(76,38,'DISPONIBLE'),(76,39,'DISPONIBLE'),(76,40,'DISPONIBLE'),(76,41,'DISPONIBLE'),(76,42,'DISPONIBLE'),(76,43,'DISPONIBLE'),(76,44,'OCUPADA'),(76,45,'DISPONIBLE'),(76,46,'DISPONIBLE'),(76,47,'DISPONIBLE'),(76,48,'DISPONIBLE'),(76,49,'DISPONIBLE'),(76,50,'DISPONIBLE'),(77,1,'DISPONIBLE'),(77,2,'DISPONIBLE'),(77,3,'DISPONIBLE'),(77,4,'DISPONIBLE'),(77,5,'DISPONIBLE'),(77,6,'DISPONIBLE'),(77,7,'DISPONIBLE'),(77,8,'DISPONIBLE'),(77,13,'DISPONIBLE'),(77,14,'DISPONIBLE'),(77,15,'DISPONIBLE'),(77,16,'DISPONIBLE'),(77,17,'DISPONIBLE'),(77,18,'DISPONIBLE'),(77,19,'DISPONIBLE'),(77,20,'DISPONIBLE'),(77,21,'DISPONIBLE'),(77,22,'DISPONIBLE'),(77,23,'DISPONIBLE'),(77,24,'DISPONIBLE'),(77,25,'DISPONIBLE'),(77,26,'DISPONIBLE'),(77,27,'DISPONIBLE'),(77,28,'DISPONIBLE'),(77,29,'DISPONIBLE'),(77,30,'DISPONIBLE'),(77,31,'DISPONIBLE'),(77,32,'DISPONIBLE'),(77,33,'DISPONIBLE'),(77,34,'DISPONIBLE'),(77,35,'DISPONIBLE'),(77,36,'DISPONIBLE'),(77,37,'DISPONIBLE'),(77,38,'DISPONIBLE'),(77,39,'DISPONIBLE'),(77,40,'DISPONIBLE'),(77,41,'DISPONIBLE'),(77,42,'DISPONIBLE'),(77,43,'DISPONIBLE'),(77,44,'DISPONIBLE'),(77,45,'DISPONIBLE'),(77,46,'DISPONIBLE'),(77,47,'DISPONIBLE'),(77,48,'DISPONIBLE'),(77,49,'DISPONIBLE'),(77,50,'DISPONIBLE'),(78,1,'DISPONIBLE'),(78,2,'DISPONIBLE'),(78,3,'DISPONIBLE'),(78,4,'DISPONIBLE'),(78,5,'DISPONIBLE'),(78,6,'DISPONIBLE'),(78,7,'DISPONIBLE'),(78,8,'DISPONIBLE'),(78,13,'DISPONIBLE'),(78,14,'DISPONIBLE'),(78,15,'DISPONIBLE'),(78,16,'DISPONIBLE'),(78,17,'DISPONIBLE'),(78,18,'DISPONIBLE'),(78,19,'DISPONIBLE'),(78,20,'DISPONIBLE'),(78,21,'DISPONIBLE'),(78,22,'DISPONIBLE'),(78,23,'DISPONIBLE'),(78,24,'DISPONIBLE'),(78,25,'DISPONIBLE'),(78,26,'DISPONIBLE'),(78,27,'DISPONIBLE'),(78,28,'DISPONIBLE'),(78,29,'DISPONIBLE'),(78,30,'DISPONIBLE'),(78,31,'DISPONIBLE'),(78,32,'DISPONIBLE'),(78,33,'DISPONIBLE'),(78,34,'DISPONIBLE'),(78,35,'DISPONIBLE'),(78,36,'DISPONIBLE'),(78,37,'DISPONIBLE'),(78,38,'DISPONIBLE'),(78,39,'DISPONIBLE'),(78,40,'DISPONIBLE'),(78,41,'DISPONIBLE'),(78,42,'DISPONIBLE'),(78,43,'DISPONIBLE'),(78,44,'DISPONIBLE'),(78,45,'DISPONIBLE'),(78,46,'DISPONIBLE'),(78,47,'DISPONIBLE'),(78,48,'DISPONIBLE'),(78,49,'DISPONIBLE'),(78,50,'DISPONIBLE'),(79,1,'DISPONIBLE'),(79,2,'DISPONIBLE'),(79,3,'DISPONIBLE'),(79,4,'DISPONIBLE'),(79,5,'DISPONIBLE'),(79,6,'DISPONIBLE'),(79,7,'DISPONIBLE'),(79,8,'DISPONIBLE'),(79,13,'DISPONIBLE'),(79,14,'DISPONIBLE'),(79,15,'DISPONIBLE'),(79,16,'DISPONIBLE'),(79,17,'DISPONIBLE'),(79,18,'DISPONIBLE'),(79,19,'DISPONIBLE'),(79,20,'DISPONIBLE'),(79,21,'DISPONIBLE'),(79,22,'DISPONIBLE'),(79,23,'DISPONIBLE'),(79,24,'DISPONIBLE'),(79,25,'OCUPADA'),(79,26,'DISPONIBLE'),(79,27,'DISPONIBLE'),(79,28,'DISPONIBLE'),(79,29,'DISPONIBLE'),(79,30,'DISPONIBLE'),(79,31,'DISPONIBLE'),(79,32,'DISPONIBLE'),(79,33,'DISPONIBLE'),(79,34,'DISPONIBLE'),(79,35,'DISPONIBLE'),(79,36,'DISPONIBLE'),(79,37,'DISPONIBLE'),(79,38,'DISPONIBLE'),(79,39,'DISPONIBLE'),(79,40,'DISPONIBLE'),(79,41,'DISPONIBLE'),(79,42,'DISPONIBLE'),(79,43,'DISPONIBLE'),(79,44,'DISPONIBLE'),(79,45,'DISPONIBLE'),(79,46,'DISPONIBLE'),(79,47,'DISPONIBLE'),(79,48,'DISPONIBLE'),(79,49,'DISPONIBLE'),(79,50,'DISPONIBLE'),(80,1,'DISPONIBLE'),(80,2,'DISPONIBLE'),(80,3,'DISPONIBLE'),(80,4,'DISPONIBLE'),(80,5,'DISPONIBLE'),(80,6,'DISPONIBLE'),(80,7,'DISPONIBLE'),(80,8,'DISPONIBLE'),(80,13,'DISPONIBLE'),(80,14,'DISPONIBLE'),(80,15,'DISPONIBLE'),(80,16,'DISPONIBLE'),(80,17,'DISPONIBLE'),(80,18,'DISPONIBLE'),(80,19,'DISPONIBLE'),(80,20,'DISPONIBLE'),(80,21,'DISPONIBLE'),(80,22,'DISPONIBLE'),(80,23,'DISPONIBLE'),(80,24,'DISPONIBLE'),(80,25,'DISPONIBLE'),(80,26,'DISPONIBLE'),(80,27,'DISPONIBLE'),(80,28,'DISPONIBLE'),(80,29,'DISPONIBLE'),(80,30,'DISPONIBLE'),(80,31,'DISPONIBLE'),(80,32,'DISPONIBLE'),(80,33,'DISPONIBLE'),(80,34,'DISPONIBLE'),(80,35,'DISPONIBLE'),(80,36,'DISPONIBLE'),(80,37,'OCUPADA'),(80,38,'DISPONIBLE'),(80,39,'DISPONIBLE'),(80,40,'DISPONIBLE'),(80,41,'DISPONIBLE'),(80,42,'DISPONIBLE'),(80,43,'DISPONIBLE'),(80,44,'DISPONIBLE'),(80,45,'DISPONIBLE'),(80,46,'DISPONIBLE'),(80,47,'DISPONIBLE'),(80,48,'DISPONIBLE'),(80,49,'DISPONIBLE'),(80,50,'DISPONIBLE'),(81,1,'DISPONIBLE'),(81,2,'DISPONIBLE'),(81,3,'DISPONIBLE'),(81,4,'DISPONIBLE'),(81,5,'DISPONIBLE'),(81,6,'DISPONIBLE'),(81,7,'DISPONIBLE'),(81,8,'DISPONIBLE'),(81,13,'DISPONIBLE'),(81,14,'DISPONIBLE'),(81,15,'DISPONIBLE'),(81,16,'DISPONIBLE'),(81,17,'DISPONIBLE'),(81,18,'DISPONIBLE'),(81,19,'DISPONIBLE'),(81,20,'DISPONIBLE'),(81,21,'DISPONIBLE'),(81,22,'DISPONIBLE'),(81,23,'DISPONIBLE'),(81,24,'DISPONIBLE'),(81,25,'DISPONIBLE'),(81,26,'DISPONIBLE'),(81,27,'DISPONIBLE'),(81,28,'DISPONIBLE'),(81,29,'DISPONIBLE'),(81,30,'DISPONIBLE'),(81,31,'DISPONIBLE'),(81,32,'DISPONIBLE'),(81,33,'DISPONIBLE'),(81,34,'DISPONIBLE'),(81,35,'DISPONIBLE'),(81,36,'DISPONIBLE'),(81,37,'DISPONIBLE'),(81,38,'DISPONIBLE'),(81,39,'DISPONIBLE'),(81,40,'DISPONIBLE'),(81,41,'DISPONIBLE'),(81,42,'DISPONIBLE'),(81,43,'DISPONIBLE'),(81,44,'DISPONIBLE'),(81,45,'DISPONIBLE'),(81,46,'DISPONIBLE'),(81,47,'DISPONIBLE'),(81,48,'DISPONIBLE'),(81,49,'DISPONIBLE'),(81,50,'DISPONIBLE'),(82,1,'DISPONIBLE'),(82,2,'DISPONIBLE'),(82,3,'DISPONIBLE'),(82,4,'DISPONIBLE'),(82,5,'DISPONIBLE'),(82,6,'DISPONIBLE'),(82,7,'DISPONIBLE'),(82,8,'DISPONIBLE'),(82,9,'DISPONIBLE'),(82,10,'DISPONIBLE'),(82,11,'DISPONIBLE'),(82,12,'DISPONIBLE'),(82,13,'DISPONIBLE'),(82,14,'DISPONIBLE'),(82,15,'DISPONIBLE'),(82,16,'DISPONIBLE'),(82,17,'DISPONIBLE'),(82,18,'DISPONIBLE'),(82,19,'DISPONIBLE'),(82,20,'DISPONIBLE'),(82,21,'DISPONIBLE'),(82,22,'DISPONIBLE'),(82,23,'DISPONIBLE'),(82,24,'DISPONIBLE'),(82,25,'DISPONIBLE'),(82,26,'DISPONIBLE'),(82,27,'DISPONIBLE'),(82,28,'DISPONIBLE'),(82,29,'DISPONIBLE'),(82,30,'DISPONIBLE'),(82,31,'DISPONIBLE'),(82,32,'DISPONIBLE'),(82,33,'DISPONIBLE'),(82,34,'DISPONIBLE'),(82,35,'DISPONIBLE'),(82,36,'DISPONIBLE'),(82,37,'DISPONIBLE'),(82,38,'DISPONIBLE'),(82,39,'DISPONIBLE'),(82,40,'DISPONIBLE'),(82,41,'DISPONIBLE'),(82,42,'OCUPADA'),(82,43,'DISPONIBLE'),(82,44,'DISPONIBLE'),(82,45,'DISPONIBLE'),(82,46,'OCUPADA'),(82,47,'DISPONIBLE'),(82,48,'DISPONIBLE'),(82,49,'DISPONIBLE'),(82,50,'DISPONIBLE'),(83,1,'DISPONIBLE'),(83,2,'DISPONIBLE'),(83,3,'DISPONIBLE'),(83,4,'DISPONIBLE'),(83,5,'DISPONIBLE'),(83,6,'DISPONIBLE'),(83,7,'DISPONIBLE'),(83,8,'DISPONIBLE'),(83,9,'DISPONIBLE'),(83,10,'DISPONIBLE'),(83,11,'DISPONIBLE'),(83,12,'DISPONIBLE'),(83,13,'DISPONIBLE'),(83,14,'DISPONIBLE'),(83,15,'DISPONIBLE'),(83,16,'DISPONIBLE'),(83,17,'DISPONIBLE'),(83,18,'DISPONIBLE'),(83,19,'DISPONIBLE'),(83,20,'DISPONIBLE'),(83,21,'DISPONIBLE'),(83,22,'DISPONIBLE'),(83,23,'DISPONIBLE'),(83,24,'DISPONIBLE'),(83,25,'DISPONIBLE'),(83,26,'DISPONIBLE'),(83,27,'DISPONIBLE'),(83,28,'DISPONIBLE'),(83,29,'DISPONIBLE'),(83,30,'DISPONIBLE'),(83,31,'DISPONIBLE'),(83,32,'DISPONIBLE'),(83,33,'DISPONIBLE'),(83,34,'DISPONIBLE'),(83,35,'DISPONIBLE'),(83,36,'DISPONIBLE'),(83,37,'DISPONIBLE'),(83,38,'DISPONIBLE'),(83,39,'DISPONIBLE'),(83,40,'DISPONIBLE'),(83,41,'DISPONIBLE'),(83,42,'DISPONIBLE'),(83,43,'DISPONIBLE'),(83,44,'DISPONIBLE'),(83,45,'DISPONIBLE'),(83,46,'DISPONIBLE'),(83,47,'DISPONIBLE'),(83,48,'DISPONIBLE'),(83,49,'DISPONIBLE'),(83,50,'DISPONIBLE'),(84,1,'DISPONIBLE'),(84,2,'DISPONIBLE'),(84,3,'DISPONIBLE'),(84,4,'DISPONIBLE'),(84,5,'DISPONIBLE'),(84,6,'DISPONIBLE'),(84,7,'DISPONIBLE'),(84,8,'DISPONIBLE'),(84,9,'DISPONIBLE'),(84,10,'DISPONIBLE'),(84,11,'DISPONIBLE'),(84,12,'DISPONIBLE'),(84,13,'DISPONIBLE'),(84,14,'DISPONIBLE'),(84,15,'DISPONIBLE'),(84,16,'DISPONIBLE'),(84,17,'DISPONIBLE'),(84,18,'DISPONIBLE'),(84,19,'DISPONIBLE'),(84,20,'DISPONIBLE'),(84,21,'DISPONIBLE'),(84,22,'DISPONIBLE'),(84,23,'DISPONIBLE'),(84,24,'DISPONIBLE'),(84,25,'DISPONIBLE'),(84,26,'DISPONIBLE'),(84,27,'DISPONIBLE'),(84,28,'DISPONIBLE'),(84,29,'DISPONIBLE'),(84,30,'DISPONIBLE'),(84,31,'DISPONIBLE'),(84,32,'DISPONIBLE'),(84,33,'DISPONIBLE'),(84,34,'DISPONIBLE'),(84,35,'DISPONIBLE'),(84,36,'DISPONIBLE'),(84,37,'DISPONIBLE'),(84,38,'DISPONIBLE'),(84,39,'DISPONIBLE'),(84,40,'DISPONIBLE'),(84,41,'DISPONIBLE'),(84,42,'DISPONIBLE'),(84,43,'DISPONIBLE'),(84,44,'DISPONIBLE'),(84,45,'DISPONIBLE'),(84,46,'DISPONIBLE'),(84,47,'DISPONIBLE'),(84,48,'DISPONIBLE'),(84,49,'DISPONIBLE'),(84,50,'DISPONIBLE'),(85,1,'DISPONIBLE'),(85,2,'DISPONIBLE'),(85,3,'DISPONIBLE'),(85,4,'DISPONIBLE'),(85,5,'DISPONIBLE'),(85,6,'DISPONIBLE'),(85,7,'DISPONIBLE'),(85,8,'DISPONIBLE'),(85,9,'DISPONIBLE'),(85,10,'DISPONIBLE'),(85,11,'DISPONIBLE'),(85,12,'DISPONIBLE'),(85,13,'DISPONIBLE'),(85,14,'DISPONIBLE'),(85,15,'DISPONIBLE'),(85,16,'DISPONIBLE'),(85,17,'DISPONIBLE'),(85,18,'DISPONIBLE'),(85,19,'DISPONIBLE'),(85,20,'DISPONIBLE'),(85,21,'DISPONIBLE'),(85,22,'DISPONIBLE'),(85,23,'DISPONIBLE'),(85,24,'DISPONIBLE'),(85,25,'DISPONIBLE'),(85,26,'DISPONIBLE'),(85,27,'DISPONIBLE'),(85,28,'DISPONIBLE'),(85,29,'DISPONIBLE'),(85,30,'DISPONIBLE'),(85,31,'DISPONIBLE'),(85,32,'DISPONIBLE'),(85,33,'DISPONIBLE'),(85,34,'DISPONIBLE'),(85,35,'DISPONIBLE'),(85,36,'DISPONIBLE'),(85,37,'DISPONIBLE'),(85,38,'DISPONIBLE'),(85,39,'DISPONIBLE'),(85,40,'DISPONIBLE'),(85,41,'DISPONIBLE'),(85,42,'DISPONIBLE'),(85,43,'DISPONIBLE'),(85,44,'DISPONIBLE'),(85,45,'DISPONIBLE'),(85,46,'DISPONIBLE'),(85,47,'DISPONIBLE'),(85,48,'DISPONIBLE'),(85,49,'DISPONIBLE'),(85,50,'DISPONIBLE'),(86,1,'DISPONIBLE'),(86,2,'DISPONIBLE'),(86,3,'DISPONIBLE'),(86,4,'DISPONIBLE'),(86,5,'DISPONIBLE'),(86,6,'DISPONIBLE'),(86,7,'DISPONIBLE'),(86,8,'DISPONIBLE'),(86,9,'DISPONIBLE'),(86,10,'DISPONIBLE'),(86,11,'DISPONIBLE'),(86,12,'DISPONIBLE'),(86,13,'DISPONIBLE'),(86,14,'DISPONIBLE'),(86,15,'DISPONIBLE'),(86,16,'DISPONIBLE'),(86,17,'DISPONIBLE'),(86,18,'DISPONIBLE'),(86,19,'DISPONIBLE'),(86,20,'DISPONIBLE'),(86,21,'DISPONIBLE'),(86,22,'DISPONIBLE'),(86,23,'DISPONIBLE'),(86,24,'DISPONIBLE'),(86,25,'DISPONIBLE'),(86,26,'DISPONIBLE'),(86,27,'DISPONIBLE'),(86,28,'DISPONIBLE');
/*!40000 ALTER TABLE `habita_calendario` ENABLE KEYS */;
UNLOCK TABLES;

--
-- Table structure for table `habitacion`
--

DROP TABLE IF EXISTS `habitacion`;
/*!40101 SET @saved_cs_client     = @@character_set_client */;
/*!50503 SET character_set_client = utf8mb4 */;
CREATE TABLE `habitacion` (
  `idhabitacion` int NOT NULL AUTO_INCREMENT,
  `numero` varchar(4) NOT NULL,
  `piso` varchar(2) NOT NULL,
  `caracteristicas` varchar(80) DEFAULT NULL,
  `descripcion` varchar(80) DEFAULT NULL,
  `precio_diario` double NOT NULL,
  `estado` varchar(15) NOT NULL,
  `tipo_habitacion` varchar(20) NOT NULL,
  PRIMARY KEY (`idhabitacion`),
  UNIQUE KEY `UK_blw7rtycdqg4c64afdllhuyc1` (`numero`)
) ENGINE=InnoDB AUTO_INCREMENT=54 DEFAULT CHARSET=utf8mb4 COLLATE=utf8mb4_0900_ai_ci;
/*!40101 SET character_set_client = @saved_cs_client */;

--
-- Dumping data for table `habitacion`
--

LOCK TABLES `habitacion` WRITE;
/*!40000 ALTER TABLE `habitacion` DISABLE KEYS */;
INSERT INTO `habitacion` VALUES (1,'101','1','1 cama Queen con Jacuzzi','LCD, baï¿½o propio, FB',180.5,'Mantenimiento','Doble'),(2,'102','1','Dos camas king','LCD, baï¿½o, frigobar, AA',140,'Activa','Doble'),(3,'103','1','1 Queen con Jacuzzi','LCD, baï¿½o, frigobar',180,'Activa','Doble'),(4,'104','1','Matrimonial','LCD, baï¿½o, frigobar,AA',155,'Activa','Doble'),(5,'105','1','Una cama king','LCD, baï¿½o, frigobar, AA',110,'Mantenimiento','Simple'),(6,'106','1','Tres camas king','LCD, baï¿½o, frigobar,AA',150,'Activa','Triple'),(7,'107','1','Dos camas king','LCD, frigobar, baï¿½o',160,'Activa','Doble'),(8,'108','1','Una cama Queen','LCD, Jacuzzi',150.6,'Activa','Simple'),(9,'109','1','Tres camas king','LCD, baï¿½o, frigobar, AA',170,'Activa','Triple'),(10,'110','1','Dos camas, una matrimonial','LCD, frigobar, baï¿½o, AA',160,'Activa','Doble'),(11,'111','1','Tres camas king','LCD, baï¿½o propio, friobar',180,'Activa','Triple'),(12,'112','1','Tres camas king','Dos baï¿½os, frigobar, mesa, AA',180,'Activa','Triple'),(13,'201','2','Dos camas','LCD',200,'Activa','Doble'),(14,'202','2','una cama','LCD',100,'Activa','Simple'),(15,'301','3','dos camas','LCD',110,'Activa','Doble'),(16,'113','1','Dos camas king','frtgr',160,'Activa','Doble'),(17,'114','1','dos','dede',180,'Activa','Triple'),(18,'203','2','crce','rtgtr',190,'Activa','Doble'),(19,'204','2','bgbg','rtytr',180,'Activa','Doble'),(20,'205','2','frt','bty',180,'Activa','Triple'),(21,'302','3','cref','rgt',170,'Activa','Simple'),(22,'401','4','cefvr','fe',180,'Activa','Doble'),(23,'402','4','vrr','bt',180,'Activa','Triple'),(24,'501','5','erfre','vrt',180,'Activa','Doble'),(25,'502','5','3 camas','LCD, baï¿½o, friobar, AA',190,'Activa','Familiar'),(26,'403','4','2 Queen','LCD, baï¿½o propio, frigobar.',170,'Activa','Doble'),(27,'206','2','1 cama Queen con Jacuzzi','LCD, Jacuzzi',180,'Activa','Doble'),(28,'207','2','Dos camas king','LCD',180,'Activa','Doble'),(29,'208','2','1 cama Queen otra simple','LCD',150,'Mantenimiento','Simple'),(30,'303','3','1 cama Queen ','LCD',160,'Activa','Simple'),(31,'304','3','1 cama Queen con Jzzi','LCD',160,'Mantenimiento','Simple'),(32,'305','3','Dos camas king','LCD',170,'Activa','Doble'),(33,'209','2','Dos camas king','LCD, Jacuzzi',180,'Activa','Doble'),(34,'210','2','Tres camas king','LCD',210,'Activa','Triple'),(35,'211','2','Dos camas king','LCD',200,'Activa','Doble'),(36,'212','2','Tres camas king','LCD',215,'Activa','Triple'),(37,'306','3','Dos camas king','LCD',200,'Activa','Doble'),(38,'307','3','Dos camas king','LCD',210,'Activa','Doble'),(39,'308','3','Tres camas king','LCD',215,'Activa','Triple'),(40,'309','3','Tres camas king','LCD, Jacuzzi',215,'Activa','Triple'),(41,'310','3','Tres camas king','LCD, Jacuzzi',215,'Activa','Triple'),(42,'311','3','Dos camas king','LCD',200,'Activa','Doble'),(43,'312','3','Tres camas king','LCD',215,'Activa','Triple'),(44,'404','4','Dos King','LCD',190,'Activa','Doble'),(45,'405','4','Dos King','LCD',200,'Activa','Doble'),(46,'406','4','Tres camas','LCD',215,'Activa','Triple'),(47,'407','4','Matrimonial','LCD',200,'Activa','Doble'),(48,'408','4','Matrimonial','LCD',200,'Activa','Doble'),(49,'409','4','Matrimonial','LCD',200,'Activa','Doble'),(50,'410','4','Matrimonial','LCD',200,'Activa','Doble'),(51,'503','5','4 camas, 2 baï¿½os','Familiar',210,'Disponible','Familiar'),(52,'504','5','2 camarotes','4 camas',220,'Disponible','Familiar'),(53,'505','5','Dos camas king','2 niï¿½os',220,'Disponible','Familiar');
/*!40000 ALTER TABLE `habitacion` ENABLE KEYS */;
UNLOCK TABLES;

--
-- Table structure for table `imagenes`
--

DROP TABLE IF EXISTS `imagenes`;
/*!40101 SET @saved_cs_client     = @@character_set_client */;
/*!50503 SET character_set_client = utf8mb4 */;
CREATE TABLE `imagenes` (
  `imagen_id` int NOT NULL AUTO_INCREMENT,
  `file` longblob NOT NULL,
  `nombre` varchar(255) NOT NULL,
  `idhabitacion` int NOT NULL,
  PRIMARY KEY (`imagen_id`),
  KEY `FK2dvloqh69modumh2islvynk77` (`idhabitacion`),
  CONSTRAINT `FK2dvloqh69modumh2islvynk77` FOREIGN KEY (`idhabitacion`) REFERENCES `habitacion` (`idhabitacion`)
) ENGINE=InnoDB AUTO_INCREMENT=68 DEFAULT CHARSET=utf8mb4 COLLATE=utf8mb4_0900_ai_ci;
/*!40101 SET character_set_client = @saved_cs_client */;

--
-- Dumping data for table `imagenes`
--

LOCK TABLES `imagenes` WRITE;
/*!40000 ALTER TABLE `imagenes` DISABLE KEYS */;
INSERT INTO `imagenes` VALUES (2,_binary '\0\0v\0\0\0e\0\0\0\0\0\0\0\0\0T\Ö','habita2.jpg',2),(3,_binary '\0\0v\0\0\0g\0\0\0\0\0\0\0\0\0I\á','habita4.jpg',1),(4,_binary '\0\0v\0\0\0i\0\0\0\0\0\0\0\0\0T\Ö','habita2.jpg',5),(10,_binary '\0\0v\0\0\0m\0\0\0\0\0\0\0\0\0‹ô','habita8.jpg',2),(12,_binary '\0\0v\0\0\0p\0\0\0\0\0\0\0\0\0‹ô','habita8.jpg',4),(14,_binary '\0\0v\0\0\0v\0\0\0\0\0\0\0\0\0I\á','habita4.jpg',5),(15,_binary '\0\0v\0\0\0^\0\0\0\0\0\0\0\0\0’<','habita3.jpg',1),(17,_binary '\0\0v\0\0\0z\0\0\0\0\0\0\0\0\0I\á','habita4.jpg',3),(18,_binary '\0\0v\0\0\0|\0\0\0\0\0\0\0\0\0I\á','habita4.jpg',3),(19,_binary '\0\0v\0\0\0~\0\0\0\0\0\0\0\0\0’<','habita3.jpg',4),(20,_binary '\0\0v\0\0\0E\0\0\0\0\0\0\0\0\0T\Ö','habita2.jpg',6),(21,_binary '\0\0v\0\0\0G\0\0\0\0\0\0\0\0\0’<','habita3.jpg',7),(22,_binary '\0\0v\0\0\0J\0\0\0\0\0\0\0\0\0I\á','habita4.jpg',8),(28,_binary '\0\0v\0\0\0Z\0\0\0\0\0\0\0\0\0V•','habita11.jpg',14),(29,_binary '\0\0v\0\0\0@\0\0\0\0\0\0\0\0\0dª','img1111.jpg',13),(30,_binary '\0\0v\0\0\0B\0\0\0\0\0\0\0\0\0dª','img1111.jpg',4),(32,_binary '\0\0v\0\0\0C\0\0\0\0\0\0\0\0\0R,','habita10.jpg',18),(33,_binary '\0\0v\0\0\0`\0\0\0\0\0\0\0\0\0V•','habita11.jpg',19),(34,_binary '\0\0v\0\0\0b\0\0\0\0\0\0\0\0\0’<','habita3.jpg',20),(35,_binary '\0\0v\0\0\0L\0\0\0\0\0\0\0\0\0T\Ö','habita2.jpg',20),(36,_binary '\0\0v\0\0\0N\0\0\0\0\0\0\0\0\0I\á','habita4.jpg',27),(37,_binary '\0\0v\0\0\0P\0\0\0\0\0\0\0\0\0dª','img1111.jpg',28),(38,_binary '\0\0v\0\0\0R\0\0\0\0\0\0\0\0\0T\Ö','habita2.jpg',29),(39,_binary '\0\0v\0\0\0T\0\0\0\0\0\0\0\0\0‹ô','habita8.jpg',33),(40,_binary '\0\0v\0\0\0W\0\0\0\0\0\0\0\0\0I\á','habita4.jpg',34),(42,_binary '\0\0v\0\0\0Y\0\0\0\0\0\0\0\0\0’<','habita3.jpg',36),(43,_binary '\0\0v\0\0\0l\0\0\0\0\0\0\0\0\0T\Ö','habita2.jpg',30),(44,_binary '\0\0v\0\0\0t\0\0\0\0\0\0\0\0\0I\á','habita4.jpg',31),(45,_binary '\0\0v\0\0\0\0\0\0\0\0\0\0\0\0I\á','habita4.jpg',15),(46,_binary '\0\0v\0\0\0ƒ\0\0\0\0\0\0\0\0\0‹ô','habita8.jpg',6),(47,_binary '\0\0v\0\0\0†\0\0\0\0\0\0\0\0\0R,','habita10.jpg',7),(48,_binary '\0\0v\0\0\0ˆ\0\0\0\0\0\0\0\0]û','habita7.jpg',8),(49,_binary '\0\0v\0\0\0Ž\0\0\0\0\0\0\0\0\0’<','habita3.jpg',9),(50,_binary '\0\0v\0\0\0‘\0\0\0\0\0\0\0\0\0V•','habita11.jpg',10),(51,_binary '\0\0v\0\0\0“\0\0\0\0\0\0\0\0\0V•','habita11.jpg',1),(52,_binary '\0\0v\0\0\0•\0\0\0\0\0\0\0\0\0‹ô','habita8.jpg',1),(53,_binary '\0\0v\0\0\0˜\0\0\0\0\0\0\0\0]û','habita7.jpg',2),(54,_binary '\0\0v\0\0\0e\0\0\0\0\0\0\0\0\0T\Ö','habita2.jpg',2),(55,_binary '\0\0v\0\0\0g\0\0\0\0\0\0\0\0\0I\á','habita4.jpg',1),(56,_binary '\0\0v\0\0\0i\0\0\0\0\0\0\0\0\0T\Ö','habita2.jpg',5),(57,_binary '\0\0\0\0\0\0\0\0\0\0\0\0\0\0\0\0\0\0\0\0','habita4.jpg',10),(58,_binary '\0\0v\0\0\0\0\0\0\0\0\0\0\0\0\"™','audiventa.jpg',8),(59,_binary '\0\0v\0\0\0e\0\0\0\0\0\0\0\0\0T\Ö','habita2.jpg',2),(60,_binary '\0\0v\0\0\0g\0\0\0\0\0\0\0\0\0I\á','habita4.jpg',1),(61,_binary '\0\0v\0\0\0i\0\0\0\0\0\0\0\0\0T\Ö','habita2.jpg',5),(62,_binary '\0\0v\0\0\0m\0\0\0\0\0\0\0\0\0‹ô','habita8.jpg',2),(63,_binary '\0\0v\0\0\0p\0\0\0\0\0\0\0\0\0‹ô','habita8.jpg',4),(64,_binary '\0\0v\0\0\0v\0\0\0\0\0\0\0\0\0I\á','habita4.jpg',5),(65,_binary '\0\0v\0\0\0\0\0\0\0\0\0\0\0\0\"™','audiventa.jpg',1),(66,_binary '\0\0\0\0\0\0\0\0\0\0\0\0\0\0\0\0\0\0\0\0','habita8.jpg',4),(67,_binary '\0\0v\0\0\0\0\0\0\0\0\0\0\0\0\"™','audiventa.jpg',1);
/*!40000 ALTER TABLE `imagenes` ENABLE KEYS */;
UNLOCK TABLES;

--
-- Table structure for table `pago`
--

DROP TABLE IF EXISTS `pago`;
/*!40101 SET @saved_cs_client     = @@character_set_client */;
/*!50503 SET character_set_client = utf8mb4 */;
CREATE TABLE `pago` (
  `idpago` int NOT NULL AUTO_INCREMENT,
  `fecha_pago` date NOT NULL,
  `idconsumo` int DEFAULT NULL,
  `montopagado` double NOT NULL,
  `tipodepago` varchar(20) NOT NULL,
  `idalquiler` int NOT NULL,
  PRIMARY KEY (`idpago`),
  KEY `FK63m1h5rmlm29hhqfef84w3gaq` (`idalquiler`),
  CONSTRAINT `FK63m1h5rmlm29hhqfef84w3gaq` FOREIGN KEY (`idalquiler`) REFERENCES `alquiler` (`idalquiler`)
) ENGINE=InnoDB DEFAULT CHARSET=utf8mb4 COLLATE=utf8mb4_0900_ai_ci;
/*!40101 SET character_set_client = @saved_cs_client */;

--
-- Dumping data for table `pago`
--

LOCK TABLES `pago` WRITE;
/*!40000 ALTER TABLE `pago` DISABLE KEYS */;
/*!40000 ALTER TABLE `pago` ENABLE KEYS */;
UNLOCK TABLES;

--
-- Table structure for table `persona`
--

DROP TABLE IF EXISTS `persona`;
/*!40101 SET @saved_cs_client     = @@character_set_client */;
/*!50503 SET character_set_client = utf8mb4 */;
CREATE TABLE `persona` (
  `idpersona` int NOT NULL AUTO_INCREMENT,
  `nombre` varchar(20) NOT NULL,
  `apaterno` varchar(20) NOT NULL,
  `amaterno` varchar(20) NOT NULL,
  `tipo_documento` varchar(15) NOT NULL,
  `num_documento` varchar(12) NOT NULL,
  `direccion` varchar(80) DEFAULT NULL,
  `telefono` varchar(12) DEFAULT NULL,
  `email` varchar(25) DEFAULT NULL,
  PRIMARY KEY (`idpersona`)
) ENGINE=InnoDB AUTO_INCREMENT=75 DEFAULT CHARSET=utf8mb4 COLLATE=utf8mb4_0900_ai_ci;
/*!40101 SET character_set_client = @saved_cs_client */;

--
-- Dumping data for table `persona`
--

LOCK TABLES `persona` WRITE;
/*!40000 ALTER TABLE `persona` DISABLE KEYS */;
INSERT INTO `persona` VALUES (1,'Juanita','Marcia','Diazo','DNI','47715712','cvbfgngnh','2134351','ertrt@yaasss'),(2,'Pistonota','Diaz','Maceta','DNI','48596313','bvggf','99722388','pisto@mail.com'),(3,'Julian','Pozito','coco','DNI','15265874','sauces 23','18745201','juli@mail.com'),(5,'Carlitos','Kun','Varon','DNI','65258733','Las Moras 33','452546252','carlito@mail.com'),(6,'Maria','Gonzales','Pozo','DNI','45878333','Los Geranios 33','159354771','barianita@mail.com'),(10,'Saco','Polito','Marquito','DNI','54879677','Los Choros 545','965256333','saco@mail.com'),(11,'Jeruco','Trauco','Sable','Pasaporte','18155487889','Ca Robles 87','956325699','jeruco@mail.com'),(12,'kiko','Franco','Zarelto','DNI','54132563','Ca Zopilote 48','874563254','kiko@mail.com'),(13,'Draco','Thorne','Nano','DNI','45877532','Ca Bucos 51','958745632','draco@mail.com'),(14,'Vini','Pololo','Bances','DNI','23154789632','Ca Zelote 74','896521478','vini@mail.com'),(15,'Anita','Miron','Jauco','DNI','65232589','Av Heroes 23','925632568','anita@mail.com'),(16,'Melisa','Jiro','Ponce','DNI','45236589','Ca Palermo 42','974525632','meli@mail.com'),(17,'defre','dvfb','rtry','DNI','575676','trhy','56768','fght'),(18,'fredo','sace','fras','DNI','3467687','btju','8765454','bghyjyu'),(19,'zapo','zepo','pico','DNI','456575','las madreselvas','568787','vrgtt'),(20,'Vanesa','chamo','lkpou','DNI','9876755','San Vicente32','567876','vfgh'),(22,'Teresa','chamo','Lopito','DNI','987675533','Seoane 23','567876333','fantas@mail.com'),(23,'virgill','chamo','lkpou','Pasaporte','98767222','cvcxbf','567876222','fantasca'),(24,'julian','marru','palacin','DNI','587412444','Maseras 54','874159856','julia@mail.com'),(25,'poli','bcffxdf','hujiko','Pasaporte','154','hvgfcf','98755478','mnbgcfx'),(26,'Sven','Dobler','Humi','DNI','65847877','cdvbtb 22','98745232','cdvbtt'),(29,'Mariana','Jocoba','Pozote','DNI','458781233','Los Geranios 33','962351111','marianita@mail.com'),(31,'Mariana','Jocobita','Pozito','DNI','45871235','Los Geranios 33','323333','ianita@mail.com'),(32,'Marianita','Jocobita','Pozita','DNI','45814777','Los Geranios 77','32154771','baria@mail.com'),(33,'ubico','saco','polo','DNI','45287459','san pilo 35','154789523','nbvvckil4'),(34,'bueno','pilo','mar','DNI','345676878','las mnvhg','234546578','hyjugtfrfe'),(36,'Juana','Marcila','Diaza','DNI','47715722','cvbfgngnh','213435457','ertrtgthyaabbb'),(37,'benito','diaz','piaza','DNI','65133333','cefe','98745215','vfgrt'),(40,'Mariana','Jocobita','piaza','DNI','45871235','san borja 11','922325215','BGFDta@mail.com'),(43,'Ana','Diaza','Mundaca','DNI','48596879','Angamos 34','987457654','mnpoyrew'),(44,'Joselo','Gutti','Carrera','DNI','65874596','Palermo 32','985632544','joselo@mail.com'),(47,'Joselo','Gutti','Carrera','DNI','65872596','Palermo 32','985632535','joslo@mail.com'),(48,'Pocho','Prieto','Sebas','DNI','32569874','kilome 54','78563254','pocho@mail.com'),(49,'Mario','Salinas','Vitucho','DNI','42365896','madreselva 24','85632545','marito@mail.com'),(50,'Nuncio','Pastrana','Diez','DNI','548796544','Mocos 54','658879955','nuncio@mail.com'),(51,'Marcico','Robles','Depaul','DNI','87596232','Politos 34','65874455','marcico@mail.com'),(52,'Werner','Torne','Vallejo','DNI','84579622','Palermo 23','986325412','werner@mail.com'),(53,'Viviana','Dobler','Cama','DNI','85745963','Seonane 310','852369874','vivi@mail.com'),(54,'Sven','Dobler','Maco','DNI','542365896','Mirtos 33','874563255','sven@mail.com'),(55,'Anselmo','Bieto','Cune','DNI','65478962','Cedros 21','753256321','cdreg'),(56,'Vini','Polo','Muro','DNI','65874596','cdvvrr','632587455','cdvg'),(58,'Vini','Polo','Muro','DNI','65874596','cdvvrr','632587453','cdvg@sa'),(59,'Julita','Rosas','Muro','DNI','35269854','Macuro 22','87563258','julita@mail.com'),(60,'Mario','Sayan','Odar','DNI','52478596','kilolandia 25','756325877','mario@mail.com'),(61,'Silvana','Guerra','Vallejo','DNI','35694444','Unicode 32','751454454','silvia@mail.com'),(62,'Yurico','Garcia','Maco','DNI','47856985','Bocos 24','985633245','yuri@mail.com'),(63,'Alejo','Sanchez','Diaz','DNI','54263255','Masero','98563324','alejo@mail.com'),(64,'Alvaro','Cespedes','Cruz','DNI','63254155','cee','8563244','cefre'),(65,'Pedrito','Alban','Lamas','DNI','65232544','Ciro 23','9875415','drito@mail.com'),(66,'Papu','Gomez','Rivera','DNI','65425874','cd','856325896','cer'),(67,'Mauri','Vaca','Robles','DNI','57489632','san blas 32','752563258','mauri@mail.com'),(68,'Nancy','Carlos','Vilcabana','DNI','85412369','Morelia 23','875963256','nancy@mailcom'),(69,'Maco','Gonzales','Rios','DNI','54123698','Berocos 54','875963698','maco@mail.com'),(70,'Calixto','Funes','Mayolo','DNI','152874656','xs','87562254','xsxs'),(71,'Nano','Guerra','Gonza','DNI','15874523','Sesnos 21','875632589','nano@mail.com'),(72,'Vicent','Milico','Chaco','DNI','18745896','Soplosa 21','875963258','ce@rfr'),(73,'Milenko','Guerrero','Espinoza','DNI','54236987','mbvs','986325697','vr@rr'),(74,'Pablo','Puga','Balcazar','DNI','14879632','mnvg','856987456','bnv@gff');
/*!40000 ALTER TABLE `persona` ENABLE KEYS */;
UNLOCK TABLES;

--
-- Table structure for table `producto`
--

DROP TABLE IF EXISTS `producto`;
/*!40101 SET @saved_cs_client     = @@character_set_client */;
/*!50503 SET character_set_client = utf8mb4 */;
CREATE TABLE `producto` (
  `idproducto` int NOT NULL AUTO_INCREMENT,
  `nombre` varchar(40) NOT NULL,
  `descripcion` varchar(80) NOT NULL,
  `unidad_medida` varchar(20) DEFAULT NULL,
  `precio_venta` double NOT NULL,
  PRIMARY KEY (`idproducto`)
) ENGINE=InnoDB AUTO_INCREMENT=23 DEFAULT CHARSET=utf8mb4 COLLATE=utf8mb4_0900_ai_ci;
/*!40101 SET character_set_client = @saved_cs_client */;

--
-- Dumping data for table `producto`
--

LOCK TABLES `producto` WRITE;
/*!40000 ALTER TABLE `producto` DISABLE KEYS */;
INSERT INTO `producto` VALUES (1,'Agua Mineral','Agua de mesada','UND',2.5),(2,'Galleta Choco','Galletas dulces','UND',1),(3,'Durex','Preservativo','CAJA x3und',6.5),(4,'Incacola','Gaseosa nacional','UND',3),(6,'Cafe','cubano','UND',4),(7,'Torta','de casa','Porcion',5.5),(8,'Sala ','Sala de Conferencia','1 dia',150),(9,'Hoja A4','Hoja Bond en blanco','1',0.5),(10,'Lavanderia','Prenda de vestir','UND',3.5),(13,'Latex','Preservativo','caja x3',4.5),(15,'Whisky','Ingles Jonhy','Botella',260),(16,'Menu','Entrada y segundo','UND',15),(17,'Agua de mesa','mineral plastico','BOT',3),(18,'Galleta vainilla','Chocosoda','UND',2.5),(20,'Corona','Cerveza','UND',10),(21,'Chips','Galleta salada','UND',3),(22,'Coronita','Galleta','UND',2);
/*!40000 ALTER TABLE `producto` ENABLE KEYS */;
UNLOCK TABLES;

--
-- Table structure for table `reserva`
--

DROP TABLE IF EXISTS `reserva`;
/*!40101 SET @saved_cs_client     = @@character_set_client */;
/*!50503 SET character_set_client = utf8mb4 */;
CREATE TABLE `reserva` (
  `idreserva` int NOT NULL AUTO_INCREMENT,
  `idhabitacion` int NOT NULL,
  `idcliente` int NOT NULL,
  `idtrabajador` int DEFAULT NULL,
  `fecha_reserva` date NOT NULL,
  `fecha_ingresa` date NOT NULL,
  `fecha_salida` date NOT NULL,
  `costo_alojamiento` double NOT NULL,
  `estado` varchar(15) NOT NULL,
  PRIMARY KEY (`idreserva`),
  KEY `FKk39klkgei7idfueq2ij9celgm` (`idcliente`),
  KEY `FKthne388an3yjipxeyiim3lelp` (`idhabitacion`),
  CONSTRAINT `FKk39klkgei7idfueq2ij9celgm` FOREIGN KEY (`idcliente`) REFERENCES `cliente` (`idpersona`),
  CONSTRAINT `FKthne388an3yjipxeyiim3lelp` FOREIGN KEY (`idhabitacion`) REFERENCES `habitacion` (`idhabitacion`)
) ENGINE=InnoDB AUTO_INCREMENT=206 DEFAULT CHARSET=utf8mb4 COLLATE=utf8mb4_0900_ai_ci;
/*!40101 SET character_set_client = @saved_cs_client */;

--
-- Dumping data for table `reserva`
--

LOCK TABLES `reserva` WRITE;
/*!40000 ALTER TABLE `reserva` DISABLE KEYS */;
INSERT INTO `reserva` VALUES (125,18,10,1,'2023-01-21','2023-02-01','2023-02-03',360,'ConAlquiler'),(126,27,11,1,'2023-01-21','2023-02-01','2023-02-03',130,'ConAlquiler'),(127,28,12,1,'2023-01-21','2023-02-01','2023-02-02',160,'ConAlquiler'),(128,45,2,1,'2023-01-20','2023-02-02','2023-02-03',160,'ConAlquiler'),(129,43,5,1,'2023-01-21','2023-02-01','2023-02-02',160,'ConAlquiler'),(130,39,6,1,'2023-01-24','2023-02-02','2023-02-04',430,'ConAlquiler'),(131,49,13,1,'2023-02-02','2023-02-03','2023-02-04',170,'ConAlquiler'),(132,38,14,1,'2023-01-21','2023-02-02','2023-02-04',260,'ConAlquiler'),(133,18,15,1,'2023-01-21','2023-02-02','2023-02-03',160,'ConAlquiler'),(134,48,15,1,'2023-01-21','2023-02-02','2023-02-03',200,'ConAlquiler'),(135,15,16,1,'2023-01-21','2023-02-01','2023-02-02',330,'Anulada'),(136,8,20,1,'2023-01-20','2023-02-01','2023-02-02',160,'ConAlquiler'),(137,20,20,1,'2023-01-21','2023-02-01','2023-02-03',240,'ConAlquiler'),(138,18,2,1,'2023-01-21','2023-02-03','2023-02-04',150,'ConAlquiler'),(139,42,22,1,'2023-01-20','2023-02-02','2023-02-03',600,'Anulada'),(140,3,23,1,'2023-01-20','2023-02-01','2023-02-03',160,'ConAlquiler'),(141,7,24,36,'2023-01-21','2023-02-01','2023-02-02',160,'ConAlquiler'),(142,17,25,36,'2023-01-25','2023-02-02','2023-02-03',150,'ConAlquiler'),(143,21,26,36,'2023-01-20','2023-02-02','2023-02-03',160,'ConAlquiler'),(144,49,49,1,'2023-01-20','2023-02-03','2023-02-04',600,'Anulada'),(145,42,51,1,'2023-01-24','2023-02-02','2023-02-04',600,'Anulada'),(146,44,52,36,'2023-01-20','2023-02-05','2023-02-05',140,'ConAlquiler'),(147,48,53,1,'2023-01-26','2023-02-03','2023-02-05',400,'Anulada'),(148,13,51,36,'2023-01-21','2023-02-04','2023-02-05',250,'ConAlquiler'),(149,50,52,36,'2023-01-21','2023-02-06','2023-02-08',240,'ConAlquiler'),(150,3,53,36,'2023-01-21','2023-02-06','2023-02-07',150,'ConAlquiler'),(151,35,54,1,'2023-01-20','2023-02-11','2023-02-12',200,'Vigente'),(152,14,55,36,'2023-01-21','2023-02-10','2023-02-11',160,'ConAlquiler'),(153,47,59,36,'2023-01-21','2023-02-10','2023-02-12',260,'Vigente'),(154,25,60,36,'2023-01-21','2023-02-20','2023-02-22',240,'Vigente'),(155,45,62,36,'2023-01-21','2023-02-11','2023-02-12',250,'Vigente'),(156,44,63,36,'2023-01-25','2023-02-17','2023-02-20',380,'Vigente'),(157,37,64,36,'2023-01-21','2023-02-21','2023-02-22',250,'ConAlquiler'),(158,42,66,36,'2023-01-27','2023-02-23','2023-02-24',150,'Vigente'),(159,46,69,36,'2023-01-28','2023-02-23','2023-02-25',330,'ConAlquiler'),(160,3,24,36,'2023-01-26','2023-02-08','2023-02-10',260,'Vigente'),(161,48,25,36,'2023-01-26','2023-02-10','2023-02-14',540,'ConAlquiler'),(162,43,26,36,'2023-01-21','2023-02-15','2023-02-17',260,'ConAlquiler'),(163,45,49,36,'2023-02-02','2023-02-16','2023-02-20',460,'Vigente'),(164,7,51,36,'2023-01-20','2023-02-16','2023-02-18',260,'Vigente'),(165,43,52,36,'2023-01-21','2023-02-03','2023-02-05',330,'ConAlquiler'),(166,27,53,36,'2023-01-22','2023-02-04','2023-02-05',220,'ConAlquiler'),(167,23,54,36,'2023-01-22','2023-02-09','2023-02-12',330,'ConAlquiler'),(168,41,55,36,'2023-01-21','2023-02-16','2023-02-18',240,'Vigente'),(169,16,14,NULL,'2023-02-01','2023-02-02','2023-02-04',240,'ConAlquiler'),(170,33,14,NULL,'2023-02-03','2023-02-04','2023-02-04',110,'ConAlquiler'),(171,45,15,1,'2023-01-23','2023-02-08','2023-02-10',400,'ConAlquiler'),(172,44,16,1,'2023-01-23','2023-02-08','2023-02-11',570,'Vigente'),(173,33,2,1,'2023-01-20','2023-02-09','2023-02-10',180,'Vigente'),(174,27,70,1,'2023-01-23','2023-02-08','2023-02-09',180,'Vigente'),(175,49,70,1,'2023-01-23','2023-02-08','2023-02-10',400,'Vigente'),(176,46,53,NULL,'2023-01-24','2023-02-02','2023-02-04',241,'ConAlquiler'),(177,49,24,NULL,'2023-01-24','2023-02-01','2023-02-04',360,'Vigente'),(178,39,24,1,'2023-01-24','2023-02-08','2023-02-09',215,'Vigente'),(179,44,26,NULL,'2023-01-24','2023-02-01','2023-02-02',190,'Vigente'),(180,39,26,NULL,'2023-01-24','2023-02-02','2023-02-04',430,'Vigente'),(181,41,62,NULL,'2023-01-24','2023-02-05','2023-02-07',430,'Vigente'),(182,46,62,NULL,'2023-01-24','2023-02-03','2023-02-05',430,'Vigente'),(183,13,62,NULL,'2023-01-24','2023-02-02','2023-02-03',200,'Vigente'),(184,26,63,NULL,'2023-01-24','2023-02-03','2023-02-05',340,'Vigente'),(185,50,15,47,'2023-01-24','2023-02-01','2023-02-02',315,'ConAlquiler'),(186,41,2,1,'2023-01-24','2023-02-07','2023-02-10',645,'Vigente'),(187,41,25,67,'2023-01-24','2023-02-01','2023-02-04',645,'Vigente'),(188,26,15,67,'2023-01-24','2023-02-04','2023-02-07',510,'Vigente'),(189,40,15,67,'2023-01-24','2023-02-02','2023-02-04',430,'Vigente'),(190,25,2,67,'2023-01-24','2023-02-02','2023-02-03',190,'Vigente'),(191,34,53,1,'2023-01-26','2023-02-04','2023-02-05',210,'Vigente'),(192,34,53,1,'2023-01-26','2023-02-04','2023-02-05',210,'Vigente'),(193,44,51,1,'2023-01-27','2023-02-03','2023-02-04',190,'Vigente'),(195,33,51,1,'2023-01-27','2023-02-04','2023-02-06',360,'Vigente'),(196,5,55,1,'2023-01-27','2023-02-08','2023-02-10',220,'Vigente'),(197,50,15,1,'2023-01-27','2023-02-03','2023-02-05',400,'Vigente'),(198,47,15,1,'2023-02-05','2023-02-08','2023-02-10',400,'Vigente'),(199,41,60,1,'2023-02-05','2023-02-10','2023-02-13',645,'Vigente'),(200,23,13,1,'2023-02-05','2023-02-07','2023-02-10',540,'Vigente'),(201,31,52,1,'2023-02-05','2023-02-12','2023-02-13',160,'Vigente'),(202,49,69,1,'2023-02-05','2023-02-10','2023-02-12',400,'Vigente'),(203,41,22,1,'2023-02-05','2023-02-13','2023-02-14',215,'Vigente'),(204,31,51,1,'2023-02-05','2023-02-08','2023-02-10',320,'Vigente'),(205,34,22,NULL,'2023-02-05','2023-02-14','2023-02-16',420,'Vigente');
/*!40000 ALTER TABLE `reserva` ENABLE KEYS */;
UNLOCK TABLES;

--
-- Table structure for table `trabajador`
--

DROP TABLE IF EXISTS `trabajador`;
/*!40101 SET @saved_cs_client     = @@character_set_client */;
/*!50503 SET character_set_client = utf8mb4 */;
CREATE TABLE `trabajador` (
  `idpersona` int NOT NULL,
  `sueldo` double NOT NULL,
  `acceso` varchar(15) NOT NULL,
  `login` varchar(15) NOT NULL,
  `password` varchar(20) NOT NULL,
  `estado` varchar(1) NOT NULL,
  PRIMARY KEY (`idpersona`)
) ENGINE=InnoDB DEFAULT CHARSET=utf8mb4 COLLATE=utf8mb4_0900_ai_ci;
/*!40101 SET character_set_client = @saved_cs_client */;

--
-- Dumping data for table `trabajador`
--

LOCK TABLES `trabajador` WRITE;
/*!40000 ALTER TABLE `trabajador` DISABLE KEYS */;
INSERT INTO `trabajador` VALUES (1,5000,'Administrador','admin2','123','A'),(3,6000.5,'Administrador','admin3','123','A'),(5,3000.5,'Recepcion','recep1','123','I'),(6,2800.6,'Recepcion','recep2','123','I'),(33,3540,'Recepcion','recep3','123','I'),(34,2800,'Recepcion','recep4','123','I'),(36,5000,'Administrador','admin1','123','A'),(47,2500,'Recepcion','recep5','123','A'),(48,2630,'Recepcion','recep6','123','A'),(58,2500,'Recepcion','recep7','123','A'),(61,2600,'Recepcion','recep8','123','A'),(65,3500,'Recepcion','recep9','123','A'),(67,6500,'Recepcion','recep10','123','A'),(72,3500,'Recepcion','recep11','123','A'),(73,3520,'Recepcion','recep12','123','I'),(74,4500,'Administrador','admin5','123','A');
/*!40000 ALTER TABLE `trabajador` ENABLE KEYS */;
UNLOCK TABLES;
/*!40103 SET TIME_ZONE=@OLD_TIME_ZONE */;

/*!40101 SET SQL_MODE=@OLD_SQL_MODE */;
/*!40014 SET FOREIGN_KEY_CHECKS=@OLD_FOREIGN_KEY_CHECKS */;
/*!40014 SET UNIQUE_CHECKS=@OLD_UNIQUE_CHECKS */;
/*!40101 SET CHARACTER_SET_CLIENT=@OLD_CHARACTER_SET_CLIENT */;
/*!40101 SET CHARACTER_SET_RESULTS=@OLD_CHARACTER_SET_RESULTS */;
/*!40101 SET COLLATION_CONNECTION=@OLD_COLLATION_CONNECTION */;
/*!40111 SET SQL_NOTES=@OLD_SQL_NOTES */;

-- Dump completed on 2024-03-21  9:34:15
